DROP DATABASE IF EXISTS HouseholdDatabase;

CREATE DATABASE HouseholdDatabase;
USE HouseholdDatabase;

CREATE TABLE Items (
    item_id INT PRIMARY KEY,
    item_name VARCHAR(255) NOT NULL
);

CREATE TABLE Users (
    user_id INT PRIMARY KEY,
    user_name VARCHAR(255) NOT NULL
);

CREATE TABLE ItemUsage (
    usage_id INT PRIMARY KEY,
    user_id INT,
    item_id INT,
    quantity INT,
    FOREIGN KEY (user_id) REFERENCES Users(user_id),
    FOREIGN KEY (item_id) REFERENCES Items(item_id)
);

-- Insert data into Items table
INSERT INTO Items (item_id, item_name) VALUES
    (1, 'Toaster'),
    (2, 'Coffee Maker'),
    (3, 'Blender'),
    (4, 'Microwave'),
    (5, 'Vaccuum Cleaner'),
    (6, 'Toaster'),
    (7, 'Coffee Maker'),
    (8, 'Blender'),
    (9, 'Microwave'),
    (10, 'Vaccuum Cleaner'),
    (11, 'Toaster'),
    (12, 'Coffee Maker'),
    (13, 'Blender'),
    (14, 'Microwave'),
    (15, 'Vaccuum Cleaner'),
    (16, 'Toaster'),
    (17, 'Coffee Maker'),
    (18, 'Blender'),
    (19, 'Microwave'),
    (20, 'Vaccuum Cleaner'),
    (21, 'Toaster'),
    (22, 'Coffee Maker'),
    (23, 'Blender'),
    (24, 'Microwave'),
    (25, 'Vaccuum Cleaner'),
    (26, 'Toaster'),
    (27, 'Coffee Maker'),
    (28, 'Blender'),
    (29, 'Microwave'),
    (30, 'Vaccuum Cleaner'),
    (31, 'Toaster'),
    (32, 'Coffee Maker'),
    (33, 'Blender'),
    (34, 'Microwave'),
    (35, 'Vaccuum Cleaner'),
    (36, 'Toaster'),
    (37, 'Coffee Maker'),
    (38, 'Blender'),
    (39, 'Microwave'),
    (40, 'Vaccuum Cleaner'),
    (41, 'Toaster'),
    (42, 'Coffee Maker'),
    (43, 'Blender'),
    (44, 'Microwave'),
    (45, 'Vaccuum Cleaner'),
    (46, 'Toaster'),
    (47, 'Coffee Maker'),
    (48, 'Blender'),
    (49, 'Microwave'),
    (50, 'Vaccuum Cleaner'),
    (51, 'Toaster'),
    (52, 'Coffee Maker'),
    (53, 'Blender'),
    (54, 'Microwave'),
    (55, 'Vaccuum Cleaner'),
    (56, 'Toaster'),
    (57, 'Coffee Maker'),
    (58, 'Blender'),
    (59, 'Microwave'),
    (60, 'Vaccuum Cleaner'),
    (61, 'Toaster'),
    (62, 'Coffee Maker'),
    (63, 'Blender'),
    (64, 'Microwave'),
    (65, 'Vaccuum Cleaner'),
    (66, 'Toaster'),
    (67, 'Coffee Maker'),
    (68, 'Blender'),
    (69, 'Microwave'),
    (70, 'Vaccuum Cleaner'),
    (71, 'Toaster'),
    (72, 'Coffee Maker'),
    (73, 'Blender'),
    (74, 'Microwave'),
    (75, 'Vaccuum Cleaner'),
    (76, 'Toaster'),
    (77, 'Coffee Maker'),
    (78, 'Blender'),
    (79, 'Microwave'),
    (80, 'Vaccuum Cleaner'),
    (81, 'Toaster'),
    (82, 'Coffee Maker'),
    (83, 'Blender'),
    (84, 'Microwave'),
    (85, 'Vaccuum Cleaner'),
    (86, 'Toaster'),
    (87, 'Coffee Maker'),
    (88, 'Blender'),
    (89, 'Microwave'),
    (90, 'Vaccuum Cleaner'),
    (91, 'Toaster'),
    (92, 'Coffee Maker'),
    (93, 'Blender'),
    (94, 'Microwave'),
    (95, 'Vaccuum Cleaner'),
    (96, 'Toaster'),
    (97, 'Coffee Maker'),
    (98, 'Blender'),
    (99, 'Microwave'),
    (100, 'Vaccuum Cleaner');




-- Insert data into Users table
INSERT INTO Users (user_id, user_name) VALUES
    (101, 'Alice'),
    (102, 'Bob'),
    (103, 'Charlie'),
    (104, 'David'),
    (105, 'Eva'),
    (106, 'Alice'),
    (107, 'Bob'),
    (108, 'Charlie'),
    (109, 'David'),
    (110, 'Eva'),
    (111, 'Alice'),
    (112, 'Bob'),
    (113, 'Charlie'),
    (114, 'David'),
    (115, 'Eva'),
    (116, 'Alice'),
    (117, 'Bob'),
    (118, 'Charlie'),
    (119, 'David'),
    (120, 'Eva'),
    (121, 'Alice'),
    (122, 'Bob'),
    (123, 'Charlie'),
    (124, 'David'),
    (125, 'Eva'),
    (126, 'Alice'),
    (127, 'Bob'),
    (128, 'Charlie'),
    (129, 'David'),
    (130, 'Eva'),
    (131, 'Alice'),
    (132, 'Bob'),
    (133, 'Charlie'),
    (134, 'David'),
    (135, 'Eva'),
    (136, 'Alice'),
    (137, 'Bob'),
    (138, 'Charlie'),
    (139, 'David'),
    (140, 'Eva'),
    (141, 'Alice'),
    (142, 'Bob'),
    (143, 'Charlie'),
    (144, 'David'),
    (145, 'Eva'),
    (146, 'Alice'),
    (147, 'Bob'),
    (148, 'Charlie'),
    (149, 'David'),
    (150, 'Eva'),
    (151, 'Alice'),
    (152, 'Bob'),
    (153, 'Charlie'),
    (154, 'David'),
    (155, 'Eva'),
    (156, 'Alice'),
    (157, 'Bob'),
    (158, 'Charlie'),
    (159, 'David'),
    (160, 'Eva'),
    (161, 'Alice'),
    (162, 'Bob'),
    (163, 'Charlie'),
    (164, 'David'),
    (165, 'Eva'),
    (166, 'Alice'),
    (167, 'Bob'),
    (168, 'Charlie'),
    (169, 'David'),
    (170, 'Eva'),
    (171, 'Alice'),
    (172, 'Bob'),
    (173, 'Charlie'),
    (174, 'David'),
    (175, 'Eva'),
    (176, 'Alice'),
    (177, 'Bob'),
    (178, 'Charlie'),
    (179, 'David'),
    (180, 'Eva'),
    (181, 'Alice'),
    (182, 'Bob'),
    (183, 'Charlie'),
    (184, 'David'),
    (185, 'Eva'),
    (186, 'Alice'),
    (187, 'Bob'),
    (188, 'Charlie'),
    (189, 'David'),
    (190, 'Eva'),
    (191, 'Alice'),
    (192, 'Bob'),
    (193, 'Charlie'),
    (194, 'David'),
    (195, 'Eva'),
    (196, 'Alice'),
    (197, 'Bob'),
    (198, 'Charlie'),
    (199, 'David'),
    (200, 'Eva');

-- Insert data into ItemUsage table
INSERT INTO ItemUsage (usage_id, user_id, item_id, quantity) VALUES
    (1001, 101, 1, 2),  -- Alice used 2 toasters
    (1002, 102, 2, 1),  -- Bob used 1 coffee maker
    (1003, 103, 3, 3),  -- Charlie used 3 blenders
    (1004, 101, 2, 1),  -- Alice used 1 coffee maker
    (1005, 103, 4, 1),  -- Charlie used 1 microwave
    (1006, 104, 2, 2),  -- David used 2 coffee makers
    (1007, 105, 5, 1),  -- Eva used 1 vacuum cleaner
    (1008, 101, 4, 1);  -- Alice used 1 microwave
