DROP DATABASE IF EXISTS HouseholdDatabase;

CREATE DATABASE HouseholdDatabase;
USE HouseholdDatabase;

CREATE TABLE Items (
    item_id INT PRIMARY KEY,
    item_name VARCHAR(255) NOT NULL
);

CREATE TABLE Users (
    user_id INT PRIMARY KEY,
    user_name VARCHAR(255) NOT NULL
);

CREATE TABLE ItemUsage (
    usage_id INT PRIMARY KEY,
    user_id INT,
    item_id INT,
    quantity INT,
    FOREIGN KEY (user_id) REFERENCES Users(user_id),
    FOREIGN KEY (item_id) REFERENCES Items(item_id)
);

-- Insert data into Items table
INSERT INTO Items (item_id, item_name) VALUES
    (1, 'Toaster'),
    (2, 'Coffee Maker'),
    (3, 'Blender'),
    (4, 'Microwave'),
    (5, 'Vaccuum Cleaner'),
    (6, 'Bucket'),
    (7, 'Chair'),
    (8, 'Bedsheet'),
    (9, 'Bottle'),
    (10, 'Broom'),
    (11, 'Clothes'),
    (12, 'stand'),
    (13, 'Pot'),
    (14, 'Light'),
    (15, 'bulb'),
    (16, 'Desk'),
    (17, 'Curtains'),
    (18, 'Calendar'),
    (19, 'Dishwasher'),
    (20, 'Lantern'),
    (21, 'Comb'),
    (22, 'basket'),
    (23, 'Television'),
    (24, 'Couch'),
    (25, 'Refrigerator'),
    (26, 'Watchingmachine'),
    (27, 'Microwaveoven'),
    (28, 'Griller'),
    (29, 'Table'),
    (30, 'Lamp'),
    (31, 'Kettle'),
    (32, 'Mob'),
    (33, 'Ironbox'),
    (34, 'Hanger'),
    (35, 'Photoframe'),
    (36, 'Fan'),
    (37, 'Airconditioner'),
    (38, 'Cloth'),
    (39, 'Stationeryitem'),
    (40, 'Toaster'),
    (41, 'Speaker'),
    (42, 'Vacuumcleaner'),
    (43, 'Kitchenhood'),
    (44, 'Torch'),
    (45, 'Stove'),
    (46, 'Pressurecooker'),
    (47, 'Mixer'),
    (48, 'Coffeemachine'),
    (49, 'Juicer'),
    (50, 'Stepladder'),
    (51, 'Sewingmachine'),
    (52, 'Clock'),
    (53, 'Hairdryer'),
    (54, 'Doghouse'),
    (55, 'Dustbin'),
    (56, 'Dustpan'),
    (57, 'Bathtub'),
    (58, 'Pillow'),
    (59, 'Bed'),
    (60, 'Cradle'),
    (61, 'Cleaningtool'),
    (62, 'Towel'),
    (63, 'Cupboard'),
    (64, 'Closet'),
    (65, 'Carpet'),
    (66, 'Chimney'),
    (67, 'Fence'),
    (68, 'Fireplace'),
    (69, 'Blind'),
    (70, 'Remote'),
    (71, 'Book'),
    (72, 'Plasticcontainer'),
    (73, 'Rollingpin'),
    (74, 'Napkin'),
    (75, 'Jar'),
    (76, 'Cuttingboard'),
    (77, 'Teapot'),
    (78, 'Bowl'),
    (79, 'Bottleopener'),
    (80, 'Cutlery'),
    (81, 'Dishrack'),
    (82, 'Tissuepaper'),
    (83, 'Kitchentowel'),
    (84, 'PotatoMasher'),
    (85, 'Vaccuum Cleaner'),
    (86, 'Bucket'),
    (87, 'Chair'),
    (88, 'Bedsheet'),
    (89, 'Bottle'),
    (90, 'Broom'),
    (91, 'Clothes'),
    (92, 'stand'),
    (93, 'Pot'),
    (94, 'Light'),
    (95, 'bulb'),
    (96, 'Desk'),
    (97, 'Curtains'),
    (98, 'Calendar'),
    (99, 'Dishwasher'),
    (100, 'Lantern');




-- Insert data into Users table
INSERT INTO Users (user_id, user_name) VALUES
    (101, 'Claire'),
    (102, 'Francisco'),
    (103, 'Ruby'),
    (104, 'Dario'),
    (105, 'Elsie'),
    (106, 'Chance'),
    (107, 'Ariah'),
    (108, 'Messiah'),
    (109, 'Jane'),
    (110, 'Jamal'),
    (111, 'Ellen'),
    (112, 'Christopher'),
    (113, 'Regina'),
    (114, 'Archer'),
    (115, 'Liv'),
    (116, 'Chaim'),
    (117, 'Bella'),
    (118, 'Fletcher'),
    (119, 'Serenity'),
    (120, 'Magnus'),
    (121, 'Cali'),
    (122, 'Andres'),
    (123, 'Veronica'),
    (124, 'Bentley'),
    (125, 'Angelica'),
    (126, 'Ayan'),
    (127, 'Wren'),
    (128, 'Hunter'),
    (129, 'Mary'),
    (130, 'Kaysen'),
    (131, 'Xiomara'),
    (132, 'Iker'),
    (133, 'Juliet'),
    (134, 'Jadiel'),
    (135, 'Avery'),
    (136, 'Callum'),
    (137, 'Adelynn'),
    (138, 'Otto'),
    (139, 'Zara'),
    (140, 'Bruno'),
    (141, 'Salem'),
    (142, 'Asa'),
    (143, 'Lana'),
    (144, 'Eliseo'),
    (145, 'Fallon'),
    (146, 'Darren'),
    (147, 'Amaris'),
    (148, 'Miller'),
    (149, 'Averi'),
    (150, 'Colter'),
    (151, 'Joyce'),
    (152, 'Leonard'),
    (153, 'Gabriella'),
    (154, 'Noah'),
    (155, 'Hadlee'),
    (156, 'Ruben'),
    (157, 'Shelby'),
    (158, 'Jakob'),
    (159, 'Allison'),
    (160, 'Hamza'),
    (161, 'Tatum'),
    (162, 'Israel'),
    (163, 'Camryn'),
    (164, 'Finley'),
    (165, 'Francesca'),
    (166, 'Adonis'),
    (167, 'Robin'),
    (168, 'Felix'),
    (169, 'Amalia'),
    (170, 'Harrison'),
    (171, 'Belle'),
    (172, 'Rylan'),
    (173, 'Hadlee'),
    (174, 'Nolan'),
    (175, 'Sunny'),
    (176, 'Marcellus'),
    (177, 'Anais'),
    (178, 'Misael'),
    (179, 'Danielle'),
    (180, 'Steven'),
    (181, 'Oakleigh'),
    (182, 'Kyler'),
    (183, 'Helena'),
    (184, 'Austin'),
    (185, 'Bridget'),
    (186, 'Milan'),
    (187, 'Paris'),
    (188, 'Jaime'),
    (189, 'Jenna'),
    (190, 'Malik'),
    (191, 'Kataleya'),
    (192, 'Canaan'),
    (193, 'Shay'),
    (194, 'Caspian'),
    (195, 'Paislee'),
    (196, 'Joaquin'),
    (197, 'Estelle'),
    (198, 'Harvey'),
    (199, 'Elaina'),
    (200, 'Damien');

INSERT INTO ItemUsage (usage_id, user_id, item_id, quantity) VALUES
    (1001, 184, 87, 1),
    (1002, 116, 94, 2),
    (1003, 187, 93, 1),
    (1004, 122, 63, 2),
    (1005, 191, 60, 3),
    (1006, 127, 41, 1),
    (1007, 173, 37, 3),
    (1008, 169, 68, 1),
    (1009, 183, 31, 3),
    (1010, 124, 68, 2),
    (1011, 130, 3, 1),
    (1012, 159, 70, 1),
    (1013, 194, 57, 2),
    (1014, 143, 30, 1),
    (1015, 122, 20, 3),
    (1016, 138, 99, 3),
    (1017, 116, 71, 3),
    (1018, 127, 92, 3),
    (1019, 157, 74, 3),
    (1020, 171, 97, 2),
    (1021, 106, 26, 3),
    (1022, 128, 37, 3),
    (1023, 147, 30, 2),
    (1024, 158, 25, 1),
    (1025, 183, 46, 3),
    (1026, 168, 35, 3),
    (1027, 144, 51, 2),
    (1028, 109, 77, 3),
    (1029, 189, 85, 1),
    (1030, 152, 55, 2),
    (1031, 133, 61, 3),
    (1032, 169, 40, 2),
    (1033, 127, 87, 1),
    (1034, 140, 96, 2),
    (1035, 135, 79, 3),
    (1036, 102, 98, 3),
    (1037, 118, 93, 2),
    (1038, 157, 2, 3),
    (1039, 187, 42, 1),
    (1040, 190, 45, 3),
    (1041, 141, 30, 1),
    (1042, 118, 98, 3),
    (1043, 182, 76, 1),
    (1044, 128, 68, 2),
    (1045, 198, 54, 1),
    (1046, 166, 7, 3),
    (1047, 120, 25, 2),
    (1048, 172, 33, 3),
    (1049, 104, 20, 1),
    (1050, 169, 9, 3),
    (1051, 141, 50, 1),
    (1052, 124, 19, 2),
    (1053, 147, 52, 2),
    (1054, 156, 80, 2),
    (1055, 165, 29, 2),
    (1056, 151, 94, 2),
    (1057, 135, 65, 1),
    (1058, 115, 88, 3),
    (1059, 144, 92, 3),
    (1060, 166, 60, 2),
    (1061, 133, 52, 3),
    (1062, 129, 76, 3),
    (1063, 175, 22, 3),
    (1064, 196, 30, 2),
    (1065, 136, 94, 3),
    (1066, 129, 44, 1),
    (1067, 129, 30, 3),
    (1068, 105, 44, 2),
    (1069, 114, 39, 3),
    (1070, 141, 5, 2),
    (1071, 129, 89, 1),
    (1072, 118, 18, 1),
    (1073, 125, 44, 1),
    (1074, 184, 91, 3),
    (1075, 173, 26, 2),
    (1076, 191, 6, 3),
    (1077, 155, 87, 1),
    (1078, 183, 43, 3),
    (1079, 198, 8, 1),
    (1080, 105, 49, 3),
    (1081, 123, 29, 3),
    (1082, 144, 47, 3),
    (1083, 141, 23, 3),
    (1084, 111, 6, 2),
    (1085, 162, 31, 2),
    (1086, 106, 21, 3),
    (1087, 145, 27, 1),
    (1088, 166, 9, 2),
    (1089, 183, 59, 3),
    (1090, 138, 63, 3),
    (1091, 101, 37, 3),
    (1092, 200, 80, 2),
    (1093, 169, 72, 1),
    (1094, 132, 82, 2),
    (1095, 134, 95, 2),
    (1096, 164, 100, 3),
    (1097, 200, 97, 1),
    (1098, 174, 14, 1),
    (1099, 191, 96, 3),
    (1100, 167, 85, 1),
    (1101, 191, 85, 1),
    (1102, 143, 37, 2),
    (1103, 146, 57, 2),
    (1104, 119, 88, 3),
    (1105, 149, 73, 1),
    (1106, 110, 37, 3),
    (1107, 143, 88, 1),
    (1108, 102, 14, 1),
    (1109, 122, 56, 3),
    (1110, 200, 22, 3),
    (1111, 140, 12, 3),
    (1112, 168, 6, 1),
    (1113, 128, 51, 1),
    (1114, 159, 21, 2),
    (1115, 123, 70, 3),
    (1116, 182, 31, 3),
    (1117, 193, 73, 3),
    (1118, 151, 26, 1),
    (1119, 123, 100, 2),
    (1120, 143, 99, 3),
    (1121, 199, 91, 1),
    (1122, 191, 10, 1),
    (1123, 120, 37, 1),
    (1124, 156, 95, 2),
    (1125, 180, 70, 1),
    (1126, 177, 51, 2),
    (1127, 161, 43, 3),
    (1128, 185, 94, 2),
    (1129, 122, 68, 3),
    (1130, 114, 62, 3),
    (1131, 127, 60, 2),
    (1132, 103, 3, 3),
    (1133, 185, 22, 1),
    (1134, 169, 29, 2),
    (1135, 173, 9, 1),
    (1136, 199, 37, 1),
    (1137, 154, 49, 1),
    (1138, 134, 34, 3),
    (1139, 191, 55, 2),
    (1140, 147, 69, 1),
    (1141, 101, 47, 1),
    (1142, 198, 50, 2),
    (1143, 104, 34, 1),
    (1144, 198, 54, 2),
    (1145, 187, 26, 3),
    (1146, 197, 76, 3),
    (1147, 158, 30, 2),
    (1148, 161, 15, 1),
    (1149, 161, 5, 3),
    (1150, 128, 51, 3),
    (1151, 157, 3, 3),
    (1152, 198, 100, 2),
    (1153, 140, 3, 1),
    (1154, 104, 1, 3),
    (1155, 148, 39, 2),
    (1156, 152, 36, 3),
    (1157, 140, 93, 1),
    (1158, 128, 5, 3),
    (1159, 150, 65, 3),
    (1160, 130, 44, 2),
    (1161, 178, 1, 2),
    (1162, 172, 50, 1),
    (1163, 168, 89, 1),
    (1164, 196, 44, 1),
    (1165, 130, 91, 1),
    (1166, 141, 42, 1),
    (1167, 127, 33, 3),
    (1168, 143, 61, 1),
    (1169, 124, 62, 1),
    (1170, 110, 91, 1),
    (1171, 197, 68, 3),
    (1172, 135, 91, 2),
    (1173, 125, 58, 3),
    (1174, 169, 6, 3),
    (1175, 113, 87, 2),
    (1176, 147, 27, 1),
    (1177, 117, 53, 1),
    (1178, 130, 47, 2),
    (1179, 148, 71, 1),
    (1180, 181, 32, 2),
    (1181, 158, 28, 3),
    (1182, 187, 15, 2),
    (1183, 113, 91, 1),
    (1184, 180, 11, 2),
    (1185, 190, 75, 3),
    (1186, 142, 21, 1),
    (1187, 188, 89, 2),
    (1188, 167, 71, 2),
    (1189, 157, 18, 1),
    (1190, 161, 50, 3),
    (1191, 106, 60, 3),
    (1192, 119, 46, 1),
    (1193, 174, 59, 3),
    (1194, 138, 90, 2),
    (1195, 108, 79, 1),
    (1196, 115, 72, 1),
    (1197, 101, 60, 3),
    (1198, 139, 26, 1),
    (1199, 175, 34, 2),
    (1200, 182, 94, 1),
    (1201, 171, 100, 2),
    (1202, 140, 70, 2),
    (1203, 123, 95, 2),
    (1204, 148, 32, 2),
    (1205, 183, 91, 3),
    (1206, 192, 58, 1),
    (1207, 122, 58, 2),
    (1208, 192, 48, 2),
    (1209, 132, 22, 3),
    (1210, 141, 55, 3),
    (1211, 199, 26, 2),
    (1212, 117, 17, 2),
    (1213, 132, 40, 3),
    (1214, 105, 39, 2),
    (1215, 119, 22, 1),
    (1216, 163, 13, 1),
    (1217, 178, 86, 3),
    (1218, 105, 77, 1),
    (1219, 108, 60, 1),
    (1220, 145, 100, 1),
    (1221, 128, 51, 3),
    (1222, 161, 19, 3),
    (1223, 164, 50, 3),
    (1224, 112, 6, 3),
    (1225, 192, 76, 3),
    (1226, 115, 90, 2),
    (1227, 194, 19, 1),
    (1228, 183, 23, 2),
    (1229, 118, 31, 1),
    (1230, 175, 27, 2),
    (1231, 187, 54, 3),
    (1232, 175, 15, 1),
    (1233, 180, 78, 1),
    (1234, 176, 89, 1),
    (1235, 111, 33, 1),
    (1236, 118, 47, 3),
    (1237, 138, 92, 2),
    (1238, 144, 74, 3),
    (1239, 126, 92, 3),
    (1240, 119, 18, 1),
    (1241, 164, 56, 2),
    (1242, 159, 31, 1),
    (1243, 172, 62, 1),
    (1244, 186, 90, 1),
    (1245, 105, 52, 3),
    (1246, 151, 69, 3),
    (1247, 186, 7, 1),
    (1248, 140, 50, 3),
    (1249, 168, 27, 2),
    (1250, 178, 97, 1),
    (1251, 166, 61, 3),
    (1252, 156, 71, 1),
    (1253, 112, 43, 3),
    (1254, 197, 80, 1),
    (1255, 171, 85, 2),
    (1256, 128, 35, 2),
    (1257, 184, 73, 2),
    (1258, 131, 64, 3),
    (1259, 151, 31, 2),
    (1260, 115, 60, 1),
    (1261, 148, 25, 1),
    (1262, 136, 33, 2),
    (1263, 155, 44, 3),
    (1264, 187, 41, 2),
    (1265, 160, 63, 1),
    (1266, 184, 42, 2),
    (1267, 124, 25, 2),
    (1268, 123, 55, 1),
    (1269, 122, 58, 1),
    (1270, 148, 72, 3),
    (1271, 170, 19, 3),
    (1272, 104, 54, 3),
    (1273, 108, 60, 1),
    (1274, 107, 98, 1),
    (1275, 185, 9, 1),
    (1276, 199, 92, 1),
    (1277, 199, 16, 1),
    (1278, 172, 90, 3),
    (1279, 107, 11, 2),
    (1280, 125, 10, 1),
    (1281, 101, 79, 3),
    (1282, 154, 82, 2),
    (1283, 139, 90, 1),
    (1284, 168, 48, 2),
    (1285, 188, 32, 3),
    (1286, 123, 82, 1),
    (1287, 151, 80, 3),
    (1288, 155, 51, 1),
    (1289, 114, 58, 3),
    (1290, 182, 82, 1),
    (1291, 121, 34, 3),
    (1292, 182, 88, 3),
    (1293, 197, 26, 2),
    (1294, 123, 93, 1),
    (1295, 198, 33, 1),
    (1296, 182, 7, 2),
    (1297, 158, 9, 1),
    (1298, 200, 63, 2),
    (1299, 184, 77, 2),
    (1300, 178, 10, 1),
    (1301, 133, 83, 1),
    (1302, 167, 64, 2),
    (1303, 183, 12, 2),
    (1304, 187, 86, 2),
    (1305, 191, 84, 1),
    (1306, 177, 17, 2),
    (1307, 193, 26, 1),
    (1308, 140, 26, 1),
    (1309, 137, 61, 3),
    (1310, 144, 38, 2),
    (1311, 183, 22, 1),
    (1312, 156, 89, 3),
    (1313, 116, 71, 1),
    (1314, 154, 9, 3),
    (1315, 184, 51, 1),
    (1316, 198, 28, 1),
    (1317, 170, 72, 1),
    (1318, 150, 11, 1),
    (1319, 140, 99, 1),
    (1320, 111, 94, 1),
    (1321, 191, 77, 2),
    (1322, 153, 32, 3),
    (1323, 178, 100, 1),
    (1324, 167, 53, 2),
    (1325, 142, 36, 1),
    (1326, 199, 85, 1),
    (1327, 177, 6, 2),
    (1328, 129, 55, 2),
    (1329, 109, 94, 2),
    (1330, 198, 56, 2),
    (1331, 175, 46, 3),
    (1332, 126, 98, 2),
    (1333, 113, 28, 1),
    (1334, 122, 94, 2),
    (1335, 140, 35, 1),
    (1336, 160, 86, 1),
    (1337, 155, 62, 3),
    (1338, 173, 42, 2),
    (1339, 153, 51, 3),
    (1340, 183, 100, 1),
    (1341, 155, 74, 1),
    (1342, 107, 52, 1),
    (1343, 191, 64, 2),
    (1344, 173, 38, 3),
    (1345, 160, 29, 1),
    (1346, 181, 88, 3),
    (1347, 191, 42, 1),
    (1348, 153, 66, 2),
    (1349, 170, 18, 3),
    (1350, 184, 52, 3),
    (1351, 101, 7, 1),
    (1352, 168, 65, 1),
    (1353, 133, 55, 3),
    (1354, 176, 80, 2),
    (1355, 113, 39, 3),
    (1356, 137, 71, 3),
    (1357, 145, 61, 3),
    (1358, 115, 66, 1),
    (1359, 127, 87, 3),
    (1360, 140, 70, 2),
    (1361, 153, 22, 2),
    (1362, 191, 90, 3),
    (1363, 132, 74, 3),
    (1364, 136, 49, 1),
    (1365, 178, 14, 3),
    (1366, 199, 50, 3),
    (1367, 156, 94, 2),
    (1368, 157, 61, 1),
    (1369, 124, 87, 1),
    (1370, 159, 78, 2),
    (1371, 146, 82, 3),
    (1372, 191, 24, 2),
    (1373, 101, 55, 1),
    (1374, 165, 43, 3),
    (1375, 160, 20, 3),
    (1376, 145, 70, 3),
    (1377, 152, 77, 2),
    (1378, 120, 34, 3),
    (1379, 105, 57, 2),
    (1380, 176, 67, 3),
    (1381, 168, 13, 3),
    (1382, 130, 3, 3),
    (1383, 132, 3, 3),
    (1384, 108, 19, 1),
    (1385, 184, 78, 2),
    (1386, 173, 74, 3),
    (1387, 163, 26, 3),
    (1388, 198, 97, 1),
    (1389, 142, 54, 3),
    (1390, 175, 81, 1),
    (1391, 186, 49, 2),
    (1392, 131, 30, 3),
    (1393, 199, 61, 3),
    (1394, 125, 20, 1),
    (1395, 142, 3, 2),
    (1396, 181, 27, 3),
    (1397, 190, 41, 3),
    (1398, 124, 39, 2),
    (1399, 194, 32, 1),
    (1400, 121, 6, 1),
    (1401, 114, 92, 1),
    (1402, 171, 22, 1),
    (1403, 130, 72, 1),
    (1404, 144, 96, 2),
    (1405, 125, 89, 1),
    (1406, 187, 70, 1),
    (1407, 170, 11, 3),
    (1408, 131, 34, 3),
    (1409, 188, 80, 3),
    (1410, 150, 100, 3),
    (1411, 140, 65, 1),
    (1412, 131, 87, 2),
    (1413, 150, 16, 1),
    (1414, 182, 12, 3),
    (1415, 134, 88, 3),
    (1416, 188, 74, 3),
    (1417, 120, 43, 2),
    (1418, 145, 25, 2),
    (1419, 160, 64, 2),
    (1420, 154, 13, 2),
    (1421, 106, 5, 1),
    (1422, 200, 35, 2),
    (1423, 116, 36, 2),
    (1424, 154, 70, 3),
    (1425, 188, 3, 2),
    (1426, 163, 90, 1),
    (1427, 106, 61, 3),
    (1428, 112, 58, 3),
    (1429, 104, 17, 1),
    (1430, 122, 23, 2),
    (1431, 144, 80, 1),
    (1432, 129, 79, 1),
    (1433, 101, 46, 3),
    (1434, 188, 100, 1),
    (1435, 190, 87, 2),
    (1436, 127, 49, 1),
    (1437, 137, 7, 2),
    (1438, 193, 18, 3),
    (1439, 122, 21, 1),
    (1440, 167, 95, 1),
    (1441, 124, 38, 3),
    (1442, 185, 18, 3),
    (1443, 132, 18, 3),
    (1444, 166, 57, 3),
    (1445, 170, 46, 3),
    (1446, 123, 72, 3),
    (1447, 170, 60, 3),
    (1448, 177, 53, 3),
    (1449, 141, 26, 3),
    (1450, 173, 92, 1),
    (1451, 128, 67, 1),
    (1452, 113, 51, 2),
    (1453, 125, 34, 2),
    (1454, 187, 100, 2),
    (1455, 195, 69, 2),
    (1456, 142, 43, 3),
    (1457, 138, 64, 2),
    (1458, 191, 40, 2),
    (1459, 114, 32, 1),
    (1460, 158, 5, 3),
    (1461, 147, 84, 2),
    (1462, 126, 96, 3),
    (1463, 122, 73, 2),
    (1464, 135, 59, 2),
    (1465, 157, 53, 1),
    (1466, 173, 47, 3),
    (1467, 112, 84, 1),
    (1468, 162, 26, 3),
    (1469, 117, 40, 2),
    (1470, 145, 97, 1),
    (1471, 168, 95, 3),
    (1472, 158, 20, 3),
    (1473, 151, 93, 3),
    (1474, 177, 80, 3),
    (1475, 154, 36, 1),
    (1476, 199, 8, 1),
    (1477, 138, 71, 1),
    (1478, 141, 85, 3),
    (1479, 184, 1, 3),
    (1480, 110, 97, 2),
    (1481, 140, 64, 1),
    (1482, 105, 74, 3),
    (1483, 165, 24, 2),
    (1484, 150, 52, 3),
    (1485, 140, 5, 2),
    (1486, 187, 3, 3),
    (1487, 180, 92, 3),
    (1488, 108, 85, 2),
    (1489, 162, 20, 2),
    (1490, 154, 29, 1),
    (1491, 195, 20, 3),
    (1492, 182, 24, 3),
    (1493, 188, 40, 1),
    (1494, 139, 89, 1),
    (1495, 121, 81, 2),
    (1496, 187, 19, 2),
    (1497, 164, 99, 3),
    (1498, 111, 6, 2),
    (1499, 143, 67, 2),
    (1500, 126, 73, 2);
